,City,Lat,Lng,Max Temp,Humidity,Cloudiness,Wind Speed,Country,Date
0,mahebourg,-35.809229361026574,71.77933001918899,73.26,74,16,9.53,MU,1654628470
1,east london,-56.50288952419533,47.43932665300679,64.38,60,18,6.13,ZA,1654628544
2,erenhot,43.676734383501696,111.15875024284918,60.42,32,7,8.46,CN,1654628544
3,lira,2.7361623118958818,33.086280364152856,65.39,93,100,4.59,UG,1654628544
4,illoqqortoormiut,70.1336803814165,-21.67335085809208,46.47,95,5,3.27,NZ,1654628544
5,mataura,-52.10391992767215,-158.87558747972594,83.28,66,100,3.89,MV,1654628545
6,utiroa,-2.8130464717531822,173.54364813076427,46.11,61,97,11.79,CL,1654628545
7,hithadhoo,-19.54978896107299,80.74395061191376,47.08,90,40,14.97,AU,1654628545
8,punta arenas,-58.11595079958853,-107.45713187108666,36.07,78,0,4.85,AU,1654628546
9,leopold,-39.634813206011884,144.50267828785655,80.46,75,14,7.81,BJ,1654628433
10,taree,-31.95834078434565,151.72039817998046,81.82,25,100,12.21,IR,1654628546
11,porto novo,16.271547516803352,-27.908372386776705,78.93,17,75,4.61,US,1654628546
12,sabzevar,35.380977861086706,56.259087651683416,67.41,62,100,7.7,PT,1654628546
13,fallon,39.47731292059288,-117.43838244487739,78.89,56,100,5.99,US,1654628547
14,lata,-6.95454972219116,167.91410910009233,35.19,79,20,3.4,RU,1654628547
15,albany,-75.44204299738684,111.69690868461026,42.3,85,78,1.99,AU,1654628548
16,pevek,77.95628619448064,164.89974010501282,78.1,69,27,14.85,PF,1654628424
17,palabuhanratu,-13.895030560524987,100.70094557440359,76.82,60,10,8.7,NU,1654628548
18,meyungs,-57.63962941624205,106.51828468722618,58.1,92,100,11.05,JP,1654628548
19,new norfolk,12.400473231908663,133.07038976792808,56.95,53,100,19.39,AU,1654628549
20,atuona,-57.414845672888525,139.98633866617865,39.02,92,100,1.57,CA,1654628549
21,alofi,68.7656126789318,-20.729532741905103,50.99,87,75,21.85,IS,1654628549
22,shimoda,5.138381627575015,-133.93217643658846,74.44,74,100,14.32,NC,1654628549
23,busselton,-24.557560442212505,-166.5609345370467,93.29,39,5,20.45,US,1654628550
24,pangnirtung,30.179702812762358,140.62741783459717,37.96,91,34,8.48,RU,1654628550
25,vestmannaeyjar,-65.43868994475264,84.70965893254674,81.43,50,100,11.61,US,1654628550
26,vao,62.57106373039986,-60.34857077554625,42.49,68,41,2.71,CA,1654628551
27,san patricio,57.90906471717693,-21.762063909898643,73.78,77,100,0.45,CN,1654628487
28,tiksi,-23.96961470173285,167.90223796118755,60.69,58,8,1.57,RU,1654628551
29,rumford,17.586008914173604,-107.48500257333275,47.01,66,40,5.75,CL,1654628288
30,taolanaro,-51.87335023192798,44.73632770452346,42.66,84,75,10.36,AU,1654628403
31,clyde river,89.58548936658127,131.32224881147425,46.8,83,8,12.26,NZ,1654628551
32,zigong,44.738405477509644,-70.8475315637916,44.76,67,95,1.74,GL,1654628552
33,nikolskoye,-39.57102031954219,53.275743630346795,66.4,43,0,5.59,ZA,1654628552
34,nizhneyansk,70.30239825436755,-72.22285497050443,69.57,35,100,8.99,CA,1654628552
35,coihaique,29.12370681904278,104.72439014588332,80.98,76,100,10.2,PG,1654628553
36,hobart,50.11930152643342,170.27551515789776,82.26,63,89,17.78,IN,1654628553
37,bluff,81.1089867321042,137.67302780189345,53.51,84,99,3.67,CN,1654628423
38,tasiilaq,-47.99225673376055,-78.14186954407475,71.2,80,95,11.01,PT,1654628553
39,hermanus,-87.83965006265191,148.66742198147807,73.18,100,100,4.38,PG,1654628553
40,yellowknife,-59.66039612172278,45.03954063885138,61.09,72,0,11.18,KZ,1654628259
41,kavieng,-71.59259921599991,165.2372725359587,74.71,67,6,15.21,TO,1654628554
42,guntakal,69.67384541755575,-40.70668535804157,63.66,63,99,5.97,FI,1654628554
43,chifeng,-65.12897485676744,7.699145232883154,81.12,77,4,5.99,US,1654628554
44,vila franca do campo,84.44351717417251,-111.36846501300452,49.6,79,99,2.59,RU,1654628555
45,kiunga,-1.0677240375526935,149.24180611704116,85.33,75,4,13.89,IN,1654628555
46,qostanay,15.054058396877139,77.486242048713,73.98,88,100,4.09,CG,1654628555
47,vaini,-65.39280070172059,123.8656832714513,47.12,83,94,6.67,IS,1654628555
48,kotka,45.46404057851521,117.70774898329597,78.85,69,0,20,US,1654628497
49,kapaa,32.475515762043116,-23.273650224912416,46.18,87,100,3.87,RU,1654628556
50,bagdarin,-4.518600742775931,140.32890089022197,51.31,87,100,10.36,US,1654628556
51,mys shmidta,53.387721934749436,63.34386278149594,59.22,59,25,8.66,GL,1654628556
52,mahuva,-88.06687404866308,144.33453601294832,72.55,77,100,9.82,BR,1654628557
53,ouesso,-3.218881634899688,-143.78661477981933,80.33,92,100,5.01,HK,1654628360
54,husavik,-78.49927843910302,66.23238515568684,79.16,24,11,2.01,BR,1654628557
55,lompoc,-40.735547507547416,-168.4888707015441,76.5,89,57,4.5,SB,1654628362
56,vostok,-85.75583541599032,8.639712891902235,72.79,57,0,15.28,PF,1654628557
57,kodiak,-74.0025028493863,66.2989314183632,68.41,32,100,23.02,AU,1654628558
58,narsaq,-47.033586821961336,112.71427514213298,57.15,71,84,4.74,CA,1654628558
59,khonsar,60.12875279130867,26.617114831869458,70.9,41,91,4,CA,1654628409
60,arraial do cabo,25.94105067467575,-166.7915642192767,74.93,92,100,8.16,ID,1654628558
61,victoria,53.92626566699144,112.42270755802423,81.23,68,100,9.69,BR,1654628360
62,grao mogol,78.68933909244987,-173.59266074299725,78.62,86,47,11.34,ID,1654628559
63,auki,20.956210669444985,72.06645614550226,76.05,72,2,15.1,CV,1654628559
64,rikitea,1.1768499589576038,17.014889329300985,36.59,87,75,8.03,AR,1654628559
65,geraldton,71.33632084050043,-11.535089263909612,66.6,94,75,23.02,PT,1654628560
66,port hardy,31.31846225767383,-123.98207227598496,71.92,65,0,5.75,US,1654628560
67,fort nelson,54.170830644976434,150.05764380972784,72.79,63,5,2.8,AO,1654628560
68,vaitupu,72.12509892653586,169.63686215932256,43.18,60,97,8.57,RU,1654628560
69,bengkulu,-83.71440473102435,102.06662002763215,86.83,50,74,2.84,BO,1654628561
70,touros,53.59144827106118,-155.48168290367892,79.56,76,21,13.4,PF,1654628561
71,merauke,-80.2146604867016,7.961501819703756,77.04,87,100,0.4,MY,1654628561
72,sao filipe,77.52075879094807,-65.67226243601513,31.23,85,87,2.68,GL,1654628562
73,ushuaia,33.25781541099839,50.18037274280445,73.94,88,100,3.06,CF,1654628562
74,ribeira grande,-62.85615274516928,83.86873963916713,47.59,91,100,5.26,RU,1654628562
75,fortuna,-66.58617288924958,-155.3668948728711,73.65,73,20,26.46,ES,1654628562
76,namibe,-53.08238246562154,-21.586252702505647,71.22,15,0,10.11,CN,1654628563
77,cherskiy,3.0858133742703586,60.267016712594966,83.16,80,0,11.3,PK,1654628563
78,trinidad,-16.183365379188686,-42.835716586306006,77.05,78,40,8.05,CK,1654628563
79,faanui,-7.52905317806227,163.94490787049966,72.14,82,100,14.23,US,1654628373
80,fulitun,-51.01328297066562,-139.9341122452234,41.97,55,5,2.3,RU,1654628564
81,bintulu,5.324406562459728,-125.0801341415679,62.2,76,90,4.03,PE,1654628367
82,qaanaaq,54.95840064398831,-88.59266993749773,72.46,76,19,7.49,RE,1654628564
83,alindao,50.919249383109445,-128.28248955411647,72.99,84,61,9.6,RE,1654628564
84,dvinskoy,62.16828877661439,-120.64602979308688,69.69,79,52,31.23,MR,1654628565
85,aguimes,6.670795837167205,-175.61096912163913,81.18,82,100,20.09,IN,1654628565
86,yinchuan,-20.1822635085815,89.6063826091164,48.63,68,0,11.5,AU,1654628280
87,jiwani,86.10851856539315,-113.72424004531193,82.44,1,75,10.36,GF,1654628407
88,avarua,0.16806176545489393,-34.75391560249028,92.05,69,40,10.36,US,1654628090
89,nantucket,-7.938510487555519,138.421495777431,86.54,60,100,7.52,MX,1654628469
90,kholodnyy,10.74208598995996,-35.555802851975784,80.83,79,36,12.5,KI,1654628565
91,chota,-83.53156898264793,83.90799174733888,69.94,96,97,2.06,CN,1654628566
92,saint-leu,-63.15686675772082,-62.1154219781002,64.36,62,53,10.25,ZA,1654628566
93,saint-philippe,44.03643524432607,-38.578333565241394,81.09,73,100,8.77,GW,1654628566
94,nouadhibou,-87.63225230949975,-17.149993436629956,72.55,89,67,5.99,EC,1654628566
95,port blair,36.993826443869864,-132.0758357857768,56.23,46,0,7.02,BW,1654628567
96,sydney,-68.87620302012287,49.80007200313756,72.07,34,95,15.17,CN,1654628567
97,cayenne,-12.65878040331313,7.923359043398278,68.43,39,22,3.44,AO,1654628568
98,harrison,-76.30068125648408,150.20261881641215,37.8,81,85,4.9,RU,1654628568
99,puerto escondido,77.72459572320153,156.05104099450534,62.46,85,99,5.93,BY,1654628568
100,butaritari,47.75543461117772,-131.7620580071611,72.75,99,74,2.66,ID,1654628568
101,deqing,-33.15199693120386,-57.14465510626374,71.04,56,96,9.73,UA,1654628569
102,port alfred,-4.84436620479579,-149.95898870051178,63.25,89,100,2.35,CN,1654628569
103,bubaque,46.716872638859854,130.7537988803951,78.46,84,100,10.67,CM,1654628569
104,puerto ayora,4.050046566491375,111.51243516409573,56.48,41,97,21.12,AR,1654628570
105,khudumelapye,77.05822251504213,-78.20138884383441,45,84,100,5.46,NZ,1654628570
106,korla,4.971990297750239,20.862521486284294,43.23,87,88,7.2,RU,1654628570
107,lucapa,88.3451884124359,-62.4100504331209,45.18,91,21,6.87,NZ,1654628571
108,beringovskiy,62.60134656175674,45.62343257997989,90.79,46,64,12.12,IN,1654628571
109,berezovka,-67.17356423657074,67.40773507756234,82.24,74,100,8.48,MV,1654628571
110,prabumulih,-42.415550683430844,33.27938946935353,42.87,92,79,8.88,RU,1654628571
111,amderma,-35.85934560647521,84.50470107889532,66.94,67,100,5.99,US,1654628433
112,sholokhove,-68.04733710622233,2.933505138727071,73.45,97,40,2.3,JP,1654628572
113,dali,25.015601998945186,-14.006354267838333,53.31,80,100,4.47,CN,1654628572
114,limbe,38.30357082353882,104.78410426265953,82.33,92,20,3.44,MY,1654628338
115,rawson,24.073780377279405,61.691227975648246,55.87,67,75,20.71,IS,1654628572
116,bur gabo,-40.426925821745996,-160.64286047106296,54.28,96,100,24.79,RU,1654628573
117,vreed en hoop,39.43643563354769,-66.15604835485682,77.38,51,100,8.93,BR,1654628573
118,ambodifototra,-83.29244681473459,-40.41817031195049,53.94,57,100,3.74,CA,1654628573
119,kaitangata,61.12451593145758,146.98692387793443,79.75,82,91,4.23,BR,1654628455
120,severo-kurilsk,-88.58697336175076,133.11790242465872,50.16,74,33,7.99,AU,1654628574
121,tuatapere,-6.611298224375673,-78.77950225571948,59.4,84,100,13.98,JP,1654628574
122,vadlapudi,-21.70615925036917,52.66495636086867,61.59,98,100,17.11,FR,1654628574
123,eydhafushi,-37.56936281842051,60.43869670555003,72.37,55,0,3,ZA,1654628574
124,ayan,-81.81539596320984,-55.68166837772627,103.42,8,100,8.34,MR,1654628575
125,jamestown,22.219222504851558,-20.800926966226342,77.09,56,100,8.25,BR,1654628487
126,nishihara,-83.38103697908404,78.10224919636516,69.4,94,100,1.25,CF,1654628575
127,xining,14.715653248367943,91.81149240545358,81.64,86,4,18.41,PK,1654628481
128,tumannyy,-34.558511383546126,153.0835358650661,76.8,90,100,3.71,MY,1654628575
129,georgetown,17.56795105095263,-41.8139399659039,42.8,88,27,6.93,RU,1654628576
130,grindavik,-23.984596644696737,167.60456360862293,88.07,52,98,2.86,VE,1654628301
131,sarmanovo,35.74534340173818,-92.69375498939513,97.63,15,0,3,US,1654628305
132,mineiros,10.719031084006204,-98.5020679421142,74.03,82,1,0.81,PT,1654628576
133,norman wells,-61.20666956505721,-178.2628833055063,89.28,78,53,5.99,US,1654628502
134,cururupu,17.59169553143076,160.1049646801851,57.61,88,100,4.32,TZ,1654628576
135,esperance,-50.307695864168245,-163.11961454709837,51.22,87,14,12.1,CL,1654628577
136,hasaki,30.398964621974386,119.63242149774118,71.94,45,100,4.61,US,1654628577
137,concarneau,-83.84624003620135,55.4831503214555,39.61,82,7,1.74,RU,1654628577
138,cape town,8.171138936818608,-20.29816153755513,36.34,64,15,12.88,RU,1654628578
139,adrar,-6.565645652801265,139.69430984122795,85.71,59,39,12.91,MX,1654628578
140,sao joao da barra,-5.794600823561751,-99.08564820211862,57.18,98,28,5.01,NZ,1654628578
141,rafai,85.58143005401266,164.77937493823396,50.27,83,100,3.83,IS,1654628579
142,ormara,-23.355665106111346,24.59044767032691,69.24,49,0,3.44,FR,1654628579
143,kota bahru,42.495951113895586,84.89047619209248,77.14,88,20,2.3,ID,1654628579
144,saskylakh,-8.437741675396836,19.82854154329948,58.95,69,0,6.96,CL,1654628456
145,ocumare del tuy,-70.81796661884795,70.52311838970982,77,89,96,3.87,ID,1654628580
146,saint george,-55.24135292678462,-143.206572333218,87.57,58,40,11.5,US,1654628435
147,ponta do sol,51.696262613235376,179.26574446645037,74.25,90,100,2.71,JP,1654628580
148,grand river south east,7.810287114389851,164.54232828470305,71.22,77,100,20.96,AU,1654628580
149,hilo,34.808285655256824,-28.30649053087467,49.12,72,100,16.02,FO,1654628580
150,belushya guba,-81.95738401289735,-169.42092031750616,57.74,98,100,4.09,BR,1654628489
151,poli,50.75375305962939,127.61014001254841,74.37,95,100,3.29,ID,1654628581
152,ancud,-3.712285678450854,104.53558300684688,74.46,82,96,3.18,CG,1654628540
153,kuche,85.7621677375974,-28.12675182705442,80.15,83,98,9.6,SB,1654628581
154,saint anthony,88.69946116825926,63.74031861336263,88.25,61,74,20.27,JM,1654628364
155,pokosnoye,47.84889606030012,34.089005360314815,76.21,83,75,11.01,US,1654628582
156,chokurdakh,24.852289798795482,101.07346907431804,32.9,77,40,5.44,GL,1654628582
157,lazaro cardenas,-3.5923796219950077,101.81233281676657,90.45,15,0,6.2,LY,1654628582
158,okato,-59.715227530102176,-171.99202916862677,72.82,77,94,7.76,MG,1654628583
159,stykkisholmur,-84.19450565524713,-7.873571064901313,73.22,74,16,9.24,MU,1654628583
160,saint-francois,79.58006970685062,-33.96994916088519,69.6,68,4,12.55,MX,1654628583
161,ambon,19.705554667066394,-72.65056622862996,80.91,75,100,6.46,PH,1654628583
162,constitucion,-47.53102486644644,-61.73024986993039,50.05,72,0,12.68,AU,1654628584
163,padang,-54.675806868662235,-115.49051435916427,45.75,61,0,8.79,AU,1654628584
164,williamsburg,73.7308132687011,-22.59134657206681,63.01,39,0,2.44,ZA,1654628584
165,nago,-76.30579049830367,63.1011410196584,81.25,78,100,6.29,PG,1654628585
166,carnarvon,-2.0091759324077145,43.396503084911615,90.36,60,33,2.44,CO,1654628585
167,klaksvik,81.5465170451649,-84.89033869079934,75.56,77,0,6.31,EG,1654628585
168,attawapiskat,-75.51374791659957,-58.75242495172081,62.94,55,0,23.02,AR,1654628300
169,castro,7.037792616197592,-58.76881605354501,80.69,60,27,1.03,BF,1654628586
170,tebingtinggi,-16.786561144818194,49.828270778805546,50.36,67,96,6.62,CA,1654628586
171,impfondo,-72.28205955304573,174.8905012746182,48.11,63,93,6.4,AU,1654628586
172,kirakira,-30.260652235365512,-41.19200606905534,53.28,93,93,4.81,RU,1654628587
173,black river,40.53208492007329,162.13443210071767,72.45,79,18,8.95,MU,1654628469
174,pacific grove,-52.148368958815546,160.36238932681198,33.8,69,100,12.66,CA,1654628587
175,upernavik,14.370339564863741,79.57486400194949,24.82,86,100,14.97,US,1654628459
176,awbari,5.062867669531087,71.67318051425866,71.13,79,20,16.11,ES,1654628587
177,antalaha,57.78745681931406,140.08895964059673,44.44,65,40,14.97,SJ,1654628473
178,bambous virieux,87.83109630875055,-24.53292685928352,48.87,74,95,7.99,AU,1654628588
179,san quintin,-10.294289242078662,-2.267735146392795,45.19,74,66,11.07,AU,1654628588
180,catuday,64.0398321887711,-115.40623437846546,38.12,64,31,9.95,RU,1654628588
181,ballina,-75.95058850946535,-62.83210352007866,77.88,90,98,2.95,ID,1654628589
182,yulara,24.58079552790697,130.31479296754264,62.89,82,0,5.75,ZA,1654628362
183,petrolandia,35.757402435397026,99.29899974977184,71.19,91,98,3.83,ID,1654628589
184,bredasdorp,34.34275903832726,179.69554128842447,53.38,91,100,11.14,CA,1654628301
185,samarai,88.78152552683403,-101.09955304209709,42.76,63,2,12.55,AU,1654628589
186,el tarra,-82.1748240159172,-18.048085709831412,37.92,89,100,1.34,RU,1654628590
187,marsa matruh,-3.803526986744714,52.47236433484997,75.42,80,0,10.4,LY,1654628590
188,mar del plata,84.35383656038408,39.65066226420936,86.56,42,84,5.86,US,1654628590
189,banfora,-73.29299383909068,179.1594969781092,33.82,81,69,9.15,RU,1654628590
190,haines junction,-9.441819972176475,-17.258378342641095,66.99,53,0,3.29,SY,1654628591
191,broken hill,-65.43662177937152,84.92370361689984,59.9,87,48,5.79,GB,1654628591
192,amursk,56.242173144744754,-25.535781645714536,90.52,36,20,12.66,US,1654628591
193,souillac,74.43553173806404,59.64141048889877,46.63,83,100,32.68,NO,1654628370
194,tuktoyaktuk,27.769482612519994,-125.31763479182993,61.03,42,0,5.48,ZA,1654628592
195,barrow,55.22131815567357,52.37990685997309,23.49,94,11,5.41,RU,1654628592
196,los llanos de aridane,-17.85062467995124,-52.206079394755335,55.47,42,76,1.79,AO,1654628592
197,longyearbyen,-72.37536802180236,-102.81765686980387,69.93,56,0,13.8,US,1654628593
198,mount gambier,66.49942524321887,-126.17566969292757,78.28,71,62,8.9,EC,1654628593
199,burnie,2.133406491021489,-43.364672053269146,48.85,63,19,4.18,RU,1654628593
200,srednekolymsk,-46.39168110956105,125.5892150513875,70.56,73,17,2.8,FR,1654628593
201,banjar,-84.77874221670298,148.47477648035,64.45,82,100,2.3,PE,1654628594
202,port elizabeth,-46.353767781192374,63.59600896011884,82.44,72,100,5.03,MV,1654628594
203,kawalu,-11.454404687679443,-16.67921100863319,64.83,94,100,19.8,PT,1654628589
204,chapais,-59.57200592520819,145.34456014760877,93.34,7,0,3.67,SA,1654628594
205,ulladulla,27.21648081690475,160.2993738730242,50.83,69,100,16.69,AU,1654628595
206,talnakh,47.71395779606158,-4.139323817395223,74.98,79,17,14,CV,1654628595
207,benghazi,-76.44548679220365,-74.27766473140994,61.75,73,4,5.82,UY,1654628595
208,avera,-85.2845194646977,0.24547016158649626,69.28,84,100,4.09,JP,1654628596
209,leningradskiy,84.38607603613434,-38.57250488458919,75.83,88,100,1.61,PG,1654628350
210,yabrud,-62.0911053725549,-121.92423782752599,73.35,79,98,7.74,VU,1654628596
211,bridlington,-82.6647721403927,-12.867293281058807,44.98,62,19,0.36,RU,1654628596
212,solano,-55.313037720083635,3.6616143903962097,88.41,18,0,3.94,CM,1654628597
213,havoysund,-26.387927499857305,51.868269557648915,73.11,62,11,6.69,TZ,1654628597
214,kruisfontein,76.178998347316,-40.527216851867564,76.55,69,20,27.63,CV,1654628597
215,dikson,-83.03837295496606,-154.58507676916386,59.58,74,0,11.54,KZ,1654628598
216,caluquembe,25.171746879804672,-0.1737171404285789,81.34,70,94,19.48,SO,1654628598
217,hoquiam,-23.414131991649327,-38.5027412228321,69.69,59,100,5.57,MZ,1654628598
218,muisne,-74.06047373246071,-70.34982935683453,58.77,89,100,2.91,TL,1654628599
219,kyra,5.956058248145695,23.879515872311032,83.05,82,100,3.6,NI,1654628599
220,hauterive,-19.607840128861966,-163.48079665659026,39.06,96,18,2.93,RU,1654628599
221,pisco,23.313996960265953,64.07584296206286,73.94,97,100,4.52,IN,1654628599
222,muli,6.612504076119691,102.96548008516118,67.59,33,0,5.06,NA,1654628600
223,lagoa,-63.221030954307466,36.91607846872486,71.98,82,27,9.35,RE,1654628600
224,riyadh,78.60161957583273,120.11534674170298,88.21,55,44,7.83,MX,1654628600
225,saleaula,10.032660187529984,-66.8618658823757,45.12,82,100,4.05,RU,1654628600
226,codrington,9.715592730694567,-136.5444806067888,57.09,58,75,12.66,US,1654628601
227,pombas,-69.40256181368576,-6.6464406792864,54.14,71,85,3.31,RU,1654628601
228,chuy,31.249693970397246,-52.77521195904558,70.18,47,63,2.42,RU,1654628601
229,naze,16.858823541652725,-37.07706694763377,71.69,82,100,6.04,NC,1654628602
230,port moresby,-61.9611436890037,-6.1545874865708186,76.59,74,100,16.71,NC,1654628602
231,isangel,-21.253074727478065,61.72135128003964,41.5,82,99,7.9,GL,1654628602
232,provideniya,6.454723015048245,-149.97565555245353,77.13,85,46,3.96,ID,1654628602
233,mokolo,-7.970826545933335,-110.50389741479535,61.03,97,100,10.16,CA,1654628603
234,kirando,-2.5220622140397495,-159.82707807240195,84.96,73,79,4.72,BR,1654628603
235,mindelo,84.06307596027455,46.50366160778708,72.28,86,78,11.65,AO,1654628603
236,louisbourg,8.473199060098125,12.927708460560922,60.28,71,94,10.13,TZ,1654628604
237,ordzhonikidze,-48.394966030750865,-157.74451862103365,69.84,90,100,3.91,CF,1654628604
238,hobyo,-38.32647901724609,105.39487138403723,61.27,25,93,4.16,CN,1654628604
239,montepuez,-40.160845044961455,-103.84225345241465,49.08,83,0,8.32,CA,1654628403
240,airai,51.96888679770473,-25.66036333663277,50.18,62,1,11.01,AU,1654628604
241,siuna,37.528402521709154,84.12274717466153,65.77,23,98,3.62,CA,1654628605
242,baykit,53.97969084855339,-54.8761092528986,79.14,85,82,7.76,ID,1654628605
243,tura,23.094594234560688,173.2639769981742,47.1,65,8,5.84,AU,1654628424
244,luderitz,-79.72791030473432,-31.861019715435788,78.87,81,47,19.1,SO,1654628605
245,saint-joseph,46.07439172142455,170.72660266002396,73.81,95,100,2.93,ID,1654628606
246,coahuayana,55.70409033278665,100.871372074524,77.86,88,53,14.09,GF,1654628606
247,ust-ilimsk,-55.16993778718254,45.65626389364303,47.98,53,0,9.22,NO,1654628606
248,lolua,-26.739252716405453,-5.328344592986042,88.11,62,75,5.75,CU,1654628607
249,sitka,70.83663389484116,110.87897422252468,54.46,76,0,8.43,ZM,1654628607
250,ust-karsk,78.534893782551,147.77451335882677,50.22,83,31,1.99,AU,1654628406
251,sotnikovskoye,1.6402689851084347,-110.57692222334943,62.82,65,26,9.95,CN,1654628424
252,moindou,-37.8846129545815,171.5869660687065,69.12,71,17,9.75,PE,1654628607
253,poum,18.52277385483029,-36.28691670658202,68.29,68,75,11.5,GB,1654628510
254,nanortalik,-61.52564272332849,-156.97312442454486,85.69,41,96,8.59,KE,1654628544
255,amahai,-40.88535618843916,76.72963688094188,87.53,48,75,10.36,US,1654628552
256,ferme-neuve,-63.91202034891177,-50.99430981305426,100.65,20,100,8.97,SN,1654628608
257,papara,-64.47351782645318,-145.23441522273419,42.19,88,100,7.27,RU,1654628608
258,luanda,64.59919401782801,-22.943422609528398,77.54,85,100,4,PH,1654628324
259,mtinko,-50.48541358915996,76.960680898318,50.29,84,100,24,CA,1654628600
260,berberati,18.867662840547723,-56.53671015472358,82.62,73,100,10.63,MV,1654628608
261,dongsheng,-2.2462530090883632,126.57496633816879,42.04,48,8,5.19,RU,1654628609
262,cap-aux-meules,-34.147101978653964,-74.8572102430028,86.59,19,0,4.72,IN,1654628609
263,flinders,-9.919917017768228,88.5450980074097,54.7,50,45,15.99,CA,1654628609
264,thompson,37.53611321737152,-76.51581039941748,89.73,47,19,8.01,US,1654628610
265,labuhan,-21.330317576278503,-113.54730319230973,62.17,89,80,3.18,TR,1654628610
266,batemans bay,28.408907437437207,127.32688952710191,53.2,58,96,4.74,KZ,1654628610
267,mogadishu,-71.57986554010054,-137.7663685242132,64.29,39,0,8.05,AR,1654628610
268,karaton,80.66893978106009,115.11253652722093,74.82,46,13,3.85,BR,1654628610
269,iracoubo,19.576584672455724,166.48449020334868,59.38,98,100,3.44,BR,1654628611
270,mergui,-25.12599552508334,110.90448506741865,77.47,63,100,5.99,US,1654628406
271,storforshei,78.96810339929957,-3.6530460694057183,58.89,83,45,2.59,RU,1654628611
272,cifuentes,-74.24794578669152,164.07271054328515,78.73,90,84,5.86,CN,1654628611
273,chililabombwe,61.73032698833879,-81.52132615245989,82.71,51,48,4.81,BF,1654628612
274,bundaberg,-46.25844899165069,-105.16324391825981,69.96,27,6,12.95,AR,1654628506
275,cangzhou,-66.75401549259584,41.022170418339954,72.05,85,15,12.24,MG,1654628612
276,barentsburg,3.9763364989989896,99.76910645783983,45.07,47,100,2.46,RU,1654628612
277,hualmay,88.80894084109698,161.66910592079233,80.31,62,30,5.17,NG,1654628613
278,liverpool,1.2359902805300607,18.773566948912816,55.92,82,100,1.01,CN,1654628613
279,lodwar,-16.03958225791125,158.8567466466477,95.77,36,0,6.91,US,1654628607
280,san jose,16.51839667590204,-80.21460444039234,86.5,62,40,5.75,BR,1654628613
281,saint-louis,27.91892314055957,-136.3784003870578,68.54,38,98,7.87,CN,1654628613
282,vanavara,81.60419461093764,-173.14628011531838,54.45,94,57,3.56,CL,1654628614
283,santa,-6.641355786563366,-138.88192861420862,57.67,85,1,4.65,NZ,1654628327
284,torbay,84.30255921852344,-54.44414871850459,48.18,46,4,1.52,ZA,1654628614
285,ugoofaaru,26.177080522230852,12.862794005767626,68.09,92,100,1.74,PH,1654628614
286,omsukchan,-14.779188221318634,49.963417477325436,37.6,76,68,3.53,RU,1654628615
287,khatima,-24.708261328860672,68.85390960646421,42.78,75,8,6.85,RU,1654628615
288,iqaluit,26.24720104361562,-124.01934365354363,86.32,93,100,5.17,GY,1654628615
289,morro bay,16.63243680553623,119.21541584863473,77.7,87,48,6.15,ID,1654628616
290,boyabat,-37.383958989851386,-23.967277964438097,42.6,54,8,4.23,RU,1654628616
291,sentyabrskiy,-40.503479212124375,33.80164226009825,41.02,48,0,6.91,GL,1654628616
292,oskemen,-10.803559098569508,-110.5004811307949,83.5,85,1,10.38,IN,1654628616
293,neuquen,-29.991986502119786,155.57613450779616,64.67,46,100,14.97,US,1654628617
294,inhapim,-21.77683270620173,128.83276083799274,80.65,11,100,2.59,SA,1654628617
295,pirai do sul,-8.78861090774879,-38.196346116552576,54.84,97,100,9.78,CA,1654628617
296,bethel,67.579834992251,-5.356974866723306,64.51,78,2,8.48,BR,1654628617
297,sobolevo,-61.79434894744665,22.591664778624505,82.2,78,99,6.51,SV,1654628618
298,lingao,-11.478508698764145,154.24208923019324,63.1,29,0,7.52,NA,1654628618
299,diebougou,8.77053147710177,-73.02822491788257,96.42,53,4,1.01,US,1654628320
300,san luis,32.93024699937585,27.987603805660314,82.17,78,46,16.73,KY,1654628618
301,sambava,-77.117361884665,-143.9176943762898,94.91,62,0,7,US,1654628466
302,kosh-agach,-69.4503253701079,178.52059396721876,90.36,39,70,3.83,BR,1654628619
303,kishi,-59.93947372827307,-34.32568450294997,33.76,95,90,5.08,RU,1654628619
304,chengde,9.889435457861069,-4.307018635236602,86.92,29,23,13.78,ES,1654628358
305,chagda,61.637486563787746,-136.2662750191484,58.05,59,100,3.47,AR,1654628619
306,stephenville,-0.14009288337057058,-24.862497352999043,54.36,87,72,6.62,IT,1654628620
307,manaus,-27.161834568087976,140.99055657506545,71.98,61,54,4.32,RO,1654628620
308,baiyin,-7.746254861256844,-4.503607216239459,58.73,77,0,11.5,CL,1654628620
309,lebu,50.1744818869044,137.19345432805557,44.4,73,25,10.27,GL,1654628620
310,ahipara,-57.71405825630144,76.93395869163095,63.86,41,100,10.2,RU,1654628621
311,burgersdorp,-74.67035541726376,108.06720983821822,80.49,94,75,3.33,PH,1654628621
312,marawi,86.74461778430359,-131.20797848153086,75,93,100,2.68,ID,1654628621
313,westpunt,-57.48364482427009,-157.94951067711185,77.63,54,100,16.11,US,1654628528
314,anadyr,85.42952243955452,-158.44299786302696,71.29,86,89,11.43,PT,1654628622
315,salym,25.20732106534892,-21.608018973392888,73.18,86,100,7.23,SS,1654628622
316,bartica,86.91032067793498,20.335369700253608,55.29,43,0,6.22,BW,1654628622
317,waingapu,46.91662688546754,175.99144379740665,106.07,7,2,9.24,MR,1654628622
318,deputatskiy,-41.36138962867558,136.1801511113669,38.66,88,8,2.3,RU,1654628623
319,ilulissat,-42.55785040388541,145.2663858482402,60.21,84,74,9.44,JP,1654628432
320,mangrol,66.37233212721966,157.72887673967296,71.1,49,9,4.74,CD,1654628623
321,great falls,-7.901623144338416,107.32221469251624,67.66,65,12,4.25,AR,1654628623
322,najran,84.42983483988135,-90.23728390738283,76.19,74,99,18.84,US,1654628417
323,normandin,-78.10555919897689,33.34761891775125,46.9,44,5,8.46,RU,1654628624
324,rio grande,81.92094843494101,-165.74178757529774,78.91,79,75,8.05,US,1654628624
325,puerto el triunfo,-11.613409513855572,107.17735768822888,75.99,94,98,3.51,ID,1654628624
326,otjimbingwe,-69.11773803523488,142.0314312509097,67.19,50,91,17.4,AU,1654628626
327,seminole,54.61468215206969,-72.57039642359499,63.84,64,20,4,KR,1654628619
328,bodden town,-37.0739577828961,152.95279409825434,79.77,80,96,2.57,ID,1654628626
329,moorpark,4.1023811722369885,-102.41331748719968,75.02,50,0,11.43,SY,1654628626
330,pontes e lacerda,70.45754780574308,89.75374587652249,74.01,89,100,7.38,AO,1654628627
331,chumikan,34.797230861755395,18.074999232366594,41.36,97,4,6.44,RU,1654628627
332,talah,-22.181761555086496,-153.01198470074408,56.68,83,59,2.08,RU,1654628627
333,osuna,77.01425626040535,-11.248028366496527,78.82,75,100,10.87,US,1654628627
334,moron,81.56556221976746,176.1509003464887,40.44,69,21,6.76,RU,1654628628
335,lasa,33.898604676771,37.335788639305605,92.73,14,0,11.68,LY,1654628628
336,cermei,56.1179676660671,2.110308978581884,55.8,44,100,4,NZ,1654628435
337,coquimbo,62.60613030085909,-81.05907908702771,65.23,47,100,4.41,CA,1654628628
338,qaqortoq,0.6958916547140035,-75.0949914317154,71.26,55,1,11.1,RS,1654628628
339,malinovoye ozero,85.81631248187207,-59.567170656892046,79.93,79,11,2.57,ID,1654628629
340,santo tomas,-87.03310387664321,-114.31353105853151,55.08,82,16,5.06,RU,1654628629
341,gondanglegi,16.816679790923132,-121.3736964735644,65.1,86,12,5.01,MX,1654628629
342,palmer,71.39455047961945,24.863554747125164,92.62,45,0,14.03,IN,1654628630
343,peniche,13.144174098640008,-159.5445715596096,69.94,71,16,10.04,PE,1654628630
344,wau,89.90342904968375,-84.7193124885949,64.22,79,100,12.19,FR,1654628630
345,kang,76.18657509000482,147.49083087383082,78.33,89,89,4.41,CN,1654628630
346,atar,-40.32452583835732,-22.953235782745423,59.88,52,100,9.35,CA,1654628631
347,chunskiy,-84.88425719939637,29.467670183175954,76.48,89,76,3.15,PG,1654628484
348,nagato,-86.91217830129243,-125.47414267392051,83.23,27,5,7.83,ES,1654628631
349,manono,-70.74081104501268,-77.7955196394742,60.03,83,100,9.15,KE,1654628631
350,san vicente,-78.82363433182917,80.0127296382991,76.59,91,100,1.1,CN,1654628632
351,brigantine,36.59849815143353,89.327427500937,83.16,62,89,2.26,PE,1654628632
352,belaya gora,81.12675233881288,81.35101397817192,80.74,77,100,17.76,MM,1654628632
353,samusu,-14.492348718249374,14.492838014624482,75.45,81,0,12.66,EG,1654628632
354,hamilton,-47.38056652318249,-45.29723960169815,59.59,79,16,3.85,RU,1654628633
355,palu,47.04815235555017,-124.12000306173569,74.91,54,18,5.39,BR,1654628633
356,karratha,1.3741878293851357,-80.74826630173268,61.77,33,100,8.99,AR,1654628633
357,seoul,48.793213916545284,110.7459197019844,67.53,31,0,7.36,IN,1654628634
358,manggar,-50.924606810467814,-93.05707047414995,65.66,50,0,8.95,CN,1654628634
359,abu samrah,52.521280124635666,-69.79277257919057,64.42,45,53,7.67,AR,1654628634
360,soyo,-1.5731775150719756,-142.52984888045,67.05,62,70,3.29,UA,1654628634
361,sokur,-8.505680732950964,-178.1669238136922,79.83,97,100,1.77,CN,1654628424
362,tommot,-21.035013525230468,-92.39824983874422,54.86,66,100,7.61,AU,1654628635
363,bud,-68.87756900818766,-151.9762471314412,57.33,83,73,3,GB,1654628635
364,turukhansk,2.47621131220383,75.13760961845861,60.85,63,0,6.91,AU,1654628566
365,waddan,51.20155107624075,-30.656025724587096,71.33,69,61,6.53,PE,1654628635
366,dunedin,85.47978478497504,-36.82436228262489,50.14,85,100,8.59,IS,1654628636
367,outlook,22.027095812066364,48.776531495257046,59.72,41,14,3.78,RU,1654628392
368,petrovac,-59.813740891922414,-108.69932116783237,80.47,80,100,8.75,PG,1654628636
369,ternate,70.93899819801132,-130.01300631598627,91.17,29,0,5.77,SA,1654628636
370,lensk,-86.3791084898974,78.76618494102206,77.5,87,100,6.13,TH,1654628637
371,maneadero,-62.197607402728686,64.00553360602996,43.68,57,43,11.32,AR,1654628637
372,tanda,-69.94845900913639,-99.8342728624533,43.75,90,100,18.92,NO,1654628637
373,huarmey,2.1405589436130583,-167.68526387989272,65.89,77,100,2.91,PT,1654628637
374,vitre,-10.203556364494546,67.26578399440538,52.77,70,76,9.33,AU,1654628638
375,qiongshan,2.851385466627775,75.99280000010253,83.71,70,75,5.75,US,1654628638
376,gravelbourg,-85.01129910407153,120.94614056390526,47.32,66,97,6.38,RU,1654628638
377,vanimo,19.929722980822348,-167.09302095905863,54.72,96,100,1.97,CN,1654628639
378,pozoblanco,76.091997497161,-68.20992214781623,73,54,92,1.25,CD,1654628639
379,maralal,-39.09615225095929,114.6848930452395,84.74,27,100,7.76,ES,1654628639
380,yangjiang,83.29678656498018,19.16398690493267,84.16,71,100,8.99,US,1654628639
381,mazamari,-32.19456265228254,108.46870848478255,78.37,82,100,6.4,CI,1654628640
382,chauk,51.46398740939742,-126.7283452783542,89.47,43,40,13.8,MX,1654628574
383,damietta,23.631176607536005,-52.48518065781619,82.94,49,54,5.01,BR,1654628430
384,alekseyevka,18.87544672479848,-23.4789804302452,82.08,70,100,5.99,BR,1654628558
385,solovetskiy,-70.83120017016668,-69.85416404656968,52.7,89,100,3.85,RU,1654628640
386,santa isabel,-38.62911784750145,-48.28202827400514,76.55,91,31,2.84,ID,1654628640
387,venado tuerto,20.794627018303316,140.2918457236509,58.05,43,12,5.57,RU,1654628641
388,ginda,73.37018635833465,-112.79595756613,42.78,81,0,10.36,NO,1654628641
389,luancheng,13.28517995251137,170.82477044301567,84.85,64,40,4.61,US,1654628641
390,mercedes,-89.5555854218533,29.403112826080815,58.87,41,100,2.35,RU,1654628642
391,zolotonosha,-26.33843309328158,-35.724235040555016,47.07,97,100,13.78,RU,1654628642
392,zhaoqing,-8.88695513730265,146.77954545249753,73.96,91,90,5.66,GA,1654628642
393,port lincoln,-66.30397855130882,22.024092722801242,68.25,64,0,11.18,RU,1654628642
394,scarborough,-22.424686167502713,178.56802547755473,54.03,89,100,13.8,US,1654628643
395,port hedland,-23.92442816329006,67.44295227865084,72.81,57,40,10.36,US,1654628643
396,acari,-11.96068322105495,7.454378321674312,55.44,77,0,6.38,CN,1654628643
397,hofn,-18.973668001998576,73.4897163508873,65.53,97,100,2.98,IN,1654628644
398,batagay,27.013880598339952,-144.53343020089346,70.59,43,0,10.38,NA,1654628644
399,pakwach,46.06382360377802,-174.89898508905213,64.6,60,100,6.91,US,1654628588
400,lorengau,10.772356465347912,13.344128538339902,58.91,61,0,13.4,KZ,1654628644
401,mecca,-7.437687637911779,30.54089088914162,64.89,20,2,8.19,CN,1654628644
402,phibun mangsahan,18.27289117184884,-172.18700140299714,81.75,73,100,4.74,MV,1654628645
403,rio gallegos,35.07666373610682,-64.49230039403828,70.09,38,0,3.44,US,1654627983
404,finnsnes,-3.025742670017735,-105.92358524401861,71.91,61,18,14.09,MX,1654628645
405,areosa,-56.30611177470604,-40.64048921802734,91.71,20,99,13.89,ML,1654628645
406,port augusta,15.384861153471363,-28.178202905651034,70.12,83,100,1.23,CN,1654628646
407,rungata,83.4863540673741,76.41915188527844,45.66,76,100,10,JP,1654628646
408,rolla,44.01885635149293,-57.739412691267404,73.4,96,40,0,JP,1654628646
409,khatanga,43.51129227918929,36.02756736717288,59.7,76,0,3.83,AZ,1654628646
410,huinan,-5.326375944535741,71.42887754468583,93.56,14,0,0.83,IN,1654628647
411,lodja,3.498064116291104,54.93219115602244,68.92,68,10,7.38,KZ,1654628647
412,barbastro,89.9645328364235,69.80005859594678,84.29,79,75,6.91,OM,1654628647
413,havelock,-41.26902560580781,-23.87868460426978,77.07,25,100,1.52,CN,1654628648
414,tabou,-40.14251507453177,-166.71670882500715,75.9,90,90,3.04,PG,1654628648
415,los mochis,-12.678942692887887,39.70560252421856,81.41,67,100,22.28,VU,1654628648
416,vila velha,15.978482885077057,163.4988272584427,45.37,93,77,1.97,RU,1654628648
417,boa vista,-51.286107284815046,-23.651094925406113,55.45,67,14,6.17,FI,1654628649
418,kysyl-syr,-89.69610068283598,-121.75111979860537,85.1,76,13,16.69,AI,1654628649
419,kapasan,-59.8134887232669,-44.21002305079318,76.66,52,75,11.01,US,1654628611
420,verkhnyaya inta,10.187397027593207,140.9385647011993,75.54,67,4,8.79,BR,1654628649
421,vardo,14.1999463376239,-85.17777332346161,66.94,65,79,4.25,NO,1654628650
422,morehead,-36.26879924859266,85.92631861051882,43.11,66,92,19.95,NO,1654628373
423,batagay-alyta,61.58233425431109,94.61199654912332,80.38,60,0,6.91,US,1654628238
424,vokhma,-64.10859559727476,-23.70117191752186,40.21,48,100,1.07,RU,1654628650
425,gamba,69.02588775289328,97.74485687759454,95.23,16,46,4.97,MX,1654628650
426,samalaeulu,-29.29492008897629,2.7648976683365447,81.36,79,99,8.14,BR,1654628651
427,anapskaya,-33.98456189942998,56.885719353491055,53.46,47,0,25.32,AR,1654628651
428,kenai,5.209349964908938,-110.11930929481055,84.65,45,14,3.74,NG,1654628651
429,baraboo,59.05371518173715,102.75096175293578,78.4,80,65,15.97,SO,1654628651
430,yongan,-20.32379888251856,-124.71220409002606,71.67,41,75,12.66,US,1654628652
431,nongstoin,-87.06912036333868,-108.64859086405559,62.31,88,100,14.23,JP,1654628652
432,henties bay,-3.9228773807825377,170.96823654303904,73.96,64,0,6.91,ES,1654628652
433,rapid valley,-7.418442546039174,170.9050265716598,51.76,68,93,30.33,NO,1654628653
434,khromtau,-44.183841135346455,17.42937976913953,54.63,62,100,6.31,RU,1654628653
435,yumen,-48.50710232773418,159.24693046033167,79.47,78,96,9.71,SL,1654628653
436,yanan,46.7741296483224,-140.50074095372796,55.78,78,100,4.61,US,1654628653
437,kudahuvadhoo,28.467481602864666,-56.37409654678849,80.51,74,2,3,MX,1654627956
438,fairbanks,-19.955801679499373,-3.1992439659193224,87.31,37,0,5.75,US,1654628654
439,guerrero negro,-36.578879237977965,-22.111190823286194,77.9,50,9,6.17,YE,1654628654
440,tessalit,71.20831627426836,167.9815876346343,60.26,60,1,1.59,CN,1654628654
441,wenzhou,52.64237863867234,119.53549970643274,90.05,16,89,11.81,IR,1654628655
442,nemuro,44.992559021060146,43.7834335273117,57.07,38,96,21.56,AR,1654628544
443,gushikawa,-67.17651670434202,49.070978829100056,91.31,48,7,9.62,MX,1654628414
444,astara,7.097660825639977,-179.66165000178034,78.55,62,2,8.93,LY,1654628655
445,pawayan,75.0326435960998,46.13550501430615,52.05,98,100,13.29,RU,1654628533
446,fort-shevchenko,-38.768173713761776,33.581334967550276,74.46,90,98,2.73,ID,1654628440
447,salalah,-72.60558310132377,92.25163545689566,50.49,87,13,10.74,NZ,1654628656
448,shache,-25.006527520640574,163.75178338561994,43.09,81,0,0,RU,1654628656
449,aitape,-18.88240204859693,164.34339407013414,70.93,20,0,11.95,NA,1654628656
450,sola,55.2787815232075,-45.84886179615728,83.98,70,12,5.59,PH,1654628656
451,tokur,-32.522785459059605,-146.68547575972553,83.16,76,100,14.38,CO,1654628415
452,lieksa,-3.275457453114356,129.56100632842885,73.83,94,100,8.63,MM,1654628657
453,the valley,46.6856518023462,-75.06777577335589,52.23,65,69,11.83,RU,1654628657
454,portland,-21.137327750575665,107.2155387024855,55.17,96,100,5.1,MW,1654628419
455,caravelas,-1.5398774752036672,-150.54704903535028,40.41,67,100,9.82,CA,1654628657
456,olden,-71.35174088844181,-25.904275341675373,94.44,11,76,9.82,LY,1654628545
457,gravdal,-10.407041222948806,-150.03939643549413,64.09,74,56,4.92,CO,1654628430
458,douglas,-18.951519067577337,-150.03316387716467,72.27,52,98,1.34,CD,1654628658
459,kungurtug,23.427752394596666,-26.692787521628247,53.04,52,96,11.16,RU,1654628658
460,mapimi,-9.211998094104104,9.838453854191897,51.94,82,66,2.8,RU,1654628658
461,itarema,-4.166768113539391,34.813262280479535,84.43,52,100,1.99,US,1654628402
462,comodoro rivadavia,4.286880812809173,15.786713162729825,90.64,22,0,15.93,LY,1654628659
463,kontagora,40.03747146377998,108.6505606600893,84.38,49,25,6.2,VE,1654628659
464,kismayo,-1.9114383256520568,-120.7028428928825,89.91,57,44,5.53,YE,1654628462
465,billings,6.02713460878887,136.08997700272602,66.4,52,0,3,ZA,1654628659
466,katsuura,86.49385496257474,175.19443736597754,83.32,27,18,4.63,ES,1654628660
467,mahon,74.69739025819709,-69.5683738468697,93.99,52,40,6.91,US,1654628660
468,sistranda,48.75352758757748,-61.25361363572452,76.96,83,69,1.66,CI,1654628660
469,ust-kulom,-65.66720192940322,-71.49304932109035,78.03,85,99,3.33,ID,1654628660
470,bonthe,-30.256976918743213,133.00162516609925,59.68,68,0,13.53,AU,1654628661
471,homer,-54.49202121715623,65.78874203407312,89.62,61,94,7.65,MX,1654628661
472,cabo san lucas,-11.957529470100255,-128.32988544917689,78.75,90,100,6.6,VN,1654628661
473,laguna,7.365787385046147,-19.787219897101977,48.09,78,0,1.01,AU,1654628661
474,marzuq,71.50097087068812,-93.3334739317999,80.35,61,93,1.99,ES,1654628662
475,yuanping,-42.5309125293375,-169.34391398853435,94.12,39,1,14.36,IN,1654628662
476,tabas,-13.910101428057573,99.02709841076364,78.24,86,19,4.05,MY,1654628662
477,trelew,-40.125743360622735,153.44074446659465,76.19,84,8,7.74,ID,1654628663
478,ixtapa,-1.1014745599291729,47.15078351204201,85.19,55,26,8.7,VE,1654628663
479,misratah,45.855083423411315,54.2407819177142,84.76,76,20,5.75,US,1654628663
480,igra,11.874623288014135,136.6067188113031,77.86,63,97,5.23,CF,1654628663
481,balikpapan,62.190553886599815,-36.42883670284289,63.75,27,0,9.13,NA,1654628664
482,waipawa,11.392324116681351,-51.30885614903755,57.27,51,0,6.91,SE,1654628664
483,tsihombe,12.237637157780341,98.93402110810774,76.64,69,0,5.75,HR,1654628664
484,poykovskiy,65.29953831216079,14.923223824348867,98.98,16,46,6.8,ML,1654628664
485,arandis,22.605316447332243,-80.02305746205107,80.92,59,0,9.22,US,1654628665
486,ligayan,32.18477599044222,-162.36198532700914,71.01,37,20,5.75,US,1654628665
487,san andres,-12.279821424684414,28.055952525969445,86.05,70,75,18.41,MQ,1654628665
488,pyinmana,-29.641629195151737,-36.37320270476829,85.68,58,0,3.44,US,1654628666
489,ostrovnoy,-23.033788273890778,153.9810943617677,62.17,97,89,0.6,GE,1654628666
490,blantyre,38.19137329140395,117.5769057543111,44.62,83,100,8.9,AU,1654628666
491,aklavik,-51.987542757418396,-23.33782873983344,86.94,70,40,5.75,PA,1654628573
492,nalut,-66.77248765776125,-7.6923858816104485,78.64,82,31,3.24,ID,1654628667
493,chitaga,88.29390899537802,4.844318974300705,91.76,11,100,11.07,NE,1654628667
494,luebo,-16.59589704065428,-87.11079721340634,82.94,70,74,3.2,GT,1654628667
495,ous,42.078318658234195,-63.559752832699346,73.08,68,100,11.5,RE,1654628667
496,neryungri,-75.10493377102746,-11.650211229611557,41.29,89,62,5.5,RU,1654628668
497,ukiah,4.499095740793706,35.62904052348469,74.39,76,100,7.23,NC,1654628668
498,jalu,-17.494171568354105,-61.107345525007446,79.34,65,20,16.11,CV,1654628668
499,san cristobal,-41.344507772613326,-42.99758320258388,51.57,54,5,11.5,AU,1654628403
500,aden,16.538623738210916,-17.771799058704516,50.54,92,13,5.5,RU,1654628669
501,saldanha,59.590844899459825,104.48580977232234,79.77,90,100,0.83,BR,1654628669
502,albox,-47.94015365436429,-104.98749552030353,75.76,57,0,5.75,HR,1654628669
503,estelle,-8.835078829486179,-78.73659976755785,65.61,74,100,0.92,CN,1654628669
504,dimbokro,46.33327813790686,-44.008109646598626,54.7,92,100,3.98,RU,1654628670
505,besuki,74.12813936772017,-111.75899743183018,88.41,66,40,21.85,BB,1654628670
506,mackay,71.72580033266567,-59.90174764916712,50.95,60,26,6.87,MN,1654628670
507,celestun,-53.335703707247085,-42.65938820991559,84.6,75,75,9.22,US,1654628408
508,long xuyen,5.690977834958616,72.83825865183223,83.97,13,29,12.26,SD,1654628671
509,nelson bay,28.67363610926104,-126.24168263098535,94.32,17,100,9.19,NE,1654628671
510,soller,8.742627127021763,152.65262072569072,70.52,92,96,2.64,AU,1654628671
511,kadipur,-26.774153865572345,-163.5869313110881,87.82,53,100,7.54,MX,1654628671
512,tawau,-57.29483427021641,-172.9234382226552,48.27,92,100,8.93,NO,1654628672
513,kupang,-86.08584041382517,-156.46953429745906,68.63,99,100,2.26,IN,1654628672
514,upata,-89.24680585786436,154.83550505142927,75.29,94,100,2.66,PH,1654628672
515,sapulpa,-79.19192115494296,-103.18298434798751,63.73,82,97,8.66,BR,1654628673
516,kabo,76.8214419868329,-106.87687675626995,76.39,65,100,5.41,BR,1654628673
517,khorixas,-63.341147791395414,175.06184787903476,59.34,78,11,5.19,JP,1654628673
518,lulea,62.64914242373169,156.91707528763908,61.3,39,97,4.38,CA,1654628673
519,dubrovnik,-69.73140692467656,-9.952124341277113,81.81,73,98,9.01,IN,1654628674
520,araouane,29.055247372449287,79.85060897608435,62.31,49,77,14.9,AR,1654628546
521,makakilo city,63.656906178587576,-67.35440672450476,83.21,74,70,8.05,BR,1654628674
522,college,-16.835237369884084,104.05198214020464,83.89,68,100,8.9,MX,1654628674
523,le vauclin,-5.773143643616976,98.47074835815494,74.93,91,100,6.49,GA,1654628675
524,jasper,33.798594491223525,-122.95487714969107,45.55,69,47,8.21,RU,1654628675
525,khani,41.07262644960778,34.88257363146667,53.29,86,100,4.03,RU,1654628675
526,deniliquin,-68.3060219144603,13.852969656447641,72.75,54,75,3.44,US,1654628546
527,panama city,7.705979991760856,-98.4809900342214,84.31,62,0,11.32,PK,1654628676
528,sorong,40.865093616695816,151.9243623142857,64.89,77,41,2.19,CL,1654628493
529,agadez,49.66723344024794,82.70351954849252,93.85,76,40,10.36,US,1654628676
530,champerico,34.55642396210145,143.12318924006223,61.03,98,100,4.09,BR,1654628676
531,saint-pierre,-38.94349486211587,-69.68733559043966,74.1,92,100,8.05,AU,1654628441
532,okha,39.40214105243288,-35.86750334692621,79.68,81,100,6.53,ID,1654628677
533,poindimie,-19.25366896096358,-42.01295784246395,76.93,71,8,5.79,YT,1654628677
534,praia,-24.550844556474416,-50.07124300168741,96.46,16,6,5.68,IN,1654628677
535,mount isa,-31.985671056790864,96.6670525329655,61.57,93,25,0.63,GE,1654628677
536,solnechnyy,-78.50994046564111,-113.36257986423313,44.46,63,98,17.94,NO,1654628678
537,naftah,-28.385865406464376,141.84495699210225,77.2,84,96,17.07,KE,1654628678
538,maracacume,-40.87247957535832,-84.11325026232646,71.17,39,79,2.06,US,1654628485
539,pula,11.423089803789878,140.17043251977714,79.63,51,23,12.3,BO,1654628409
540,xichang,-89.74606736220055,-101.40732713144712,80.87,12,3,6.82,PK,1654628678
541,birobidzhan,-31.07326613342824,57.281011637667376,91.18,70,0,8.99,US,1654628679
542,bathsheba,-72.7469075934062,145.5162098889508,106.27,9,73,8.28,ML,1654628679
543,hovd,64.66553720392542,-157.73685585419148,50.45,85,100,2.73,RU,1654628679
544,half moon bay,54.57127531561605,154.4516149758502,43.18,93,0,3.44,AU,1654628679
545,kutum,-86.30710629199845,-28.6795258686889,76.62,90,11,2.13,PH,1654628680
546,tanout,19.873262152602337,109.65534454680409,80.04,69,45,6.31,NG,1654628680
547,kamenskoye,-14.871474827929262,-115.71621887838087,50.59,72,81,9.31,RU,1654628680
548,mareeba,39.30291680384255,-45.847285187008794,74.73,92,100,3.13,ID,1654628680
549,pochutla,-63.050124449505745,21.653464198130393,46.81,71,100,18.05,AU,1654628681
550,oksfjord,-48.24258253634986,-60.131673452566716,43.72,53,100,11.56,CA,1654628681
551,mahur,10.742782452803795,-2.896601890194063,79.14,100,20,6.91,LK,1654628681
552,ramon,-51.77204735561857,145.35366989288542,37.83,88,0,4.23,RU,1654628682
553,ahumada,-31.950865225424728,-66.36643594734291,77.09,92,15,4.47,PH,1654628682
554,cidreira,-40.94713843544819,73.28599114291598,82.89,56,0,6.49,IT,1654628682
555,japeri,-72.93038686529184,-28.019489822276967,65.32,81,51,2.06,RO,1654628683
556,owase,-12.699487708149121,55.74124847582459,73.17,64,93,2.82,AO,1654628683
557,la ronge,50.792189275899005,89.0407106273604,54.18,67,82,1.23,RU,1654628683
558,karaul,-7.836532378800058,-122.71042995703584,50.68,93,37,1.9,RU,1654628683
559,champua,9.308253483233955,3.603949701605103,82.94,66,100,2.33,MV,1654628684
560,necochea,41.661016844387206,117.76878387361506,59.09,93,87,19.53,IE,1654628684
561,nisia floresta,81.31342435588039,-141.58822729430597,73.81,56,99,3.36,BR,1654628684
562,babanusah,83.64659771283155,-137.7065486098657,48.22,89,100,4.07,RU,1654628685
563,tecoanapa,58.69074172899471,130.5313335304367,46.29,67,100,7.83,RU,1654628685
564,omboue,89.5634040688382,6.596685808967095,80.55,73,40,14.97,US,1654628685
565,gornopravdinsk,48.68056708007501,-59.496611181266644,64.74,43,100,5.7,CA,1654628686
566,vilyuysk,-1.0763846225422924,-60.404863305588975,82.98,62,40,11.99,US,1654628686
567,jackson,38.25613871265952,104.54647298404302,47.35,53,57,8.66,RU,1654628686
568,turbat,-28.57369323196383,-95.52888919305295,43.2,83,100,8.79,RU,1654628633
569,iquique,-39.61382585020141,26.253771807502403,45.97,80,100,4.14,RU,1654628686
570,carlsbad,-32.76288531674717,168.3485877792686,79.56,70,100,10.36,US,1654628676
571,pitanga,-53.24066587756337,-142.42403283796946,87.1,44,5,9.46,SA,1654628687
572,cairns,-43.59465612356612,-120.57977870692687,62.13,79,66,11.88,GB,1654628687
573,banda aceh,-30.54281804395015,25.930533352688116,61.61,32,59,6.22,CN,1654628687
574,chirongui,-60.03458231419871,37.18949107571643,78.8,84,100,4.68,VN,1654628432
